accessibility-jst-mountaindrive;accessibility;JST Mountain Drive;JST-Mountaindrive;JST Mountain Drive;JST Mountain Drive;2026-05-26T14:36:34.6652234+00:00
accessibility-swisstrack;accessibility;Swisstrack;Swisstrack;Swisstrack;Swisstrack;2026-05-26T14:58:13.0845319+00:00
accessibility-visual-impairment;accessibility;Visual impairment;Sehbehinderung;Déficience visuelle;Disabilità visiva;2026-05-26T14:36:35.3968553+00:00
accessibility-walking-only-less-than-10mins;accessibility;only reachable on foot-less-than-10min;nur zu Fuss erreichbar-weniger-als-10min;Accessible uniquement à pied à moins de 10 minutes;raggiungibile solo a piedi - meno di 10 minuti;2026-05-26T14:58:13.5745515+00:00
accessibility-walking-only-more-than-10mins;accessibility;only within walking distance-more-than-10min;nur zu Fuss erreichbar-mehr-als-10min;seulement à distance de marche-plus-de-10min;solo a pochi passi-più-di-10 minuti;2026-05-26T14:58:13.7346121+00:00
accessibility-walking-time-unknown;accessibility;only accessible on foot-no time;nur zu Fuss erreichbar-keine Zeitangabe;Accessible uniquement à pied, pas de temps;accessibile solo a piedi, senza tempo;2026-05-26T14:36:35.8526553+00:00
accessibility-wheelchair-accessible;accessibility;Wheelchair accessible;rollstuhlgängig;Accessible en fauteuil roulant;Accessibile ai disabili;2026-05-26T14:36:36.0630386+00:00
accessibility-wheelchair-inaccessbile;accessibility;not wheelchair accessible;nicht rollstuhlgängig;Non accessible en fauteuil roulant;non accessibile in sedia a rotelle;2026-05-26T14:36:36.5724694+00:00
accomodation-breakfastonly;accomodation;breakfast only;nur Frühstück;Petit-déjeuner seulement;solo colazione;2026-05-26T14:58:14.1471582+00:00
accomodation-groups;accomodation;Group accommodation;Gruppenunterkunft;Hébergement de groupe;Alloggi per gruppi;2026-05-26T14:36:37.0290205+00:00
atmosphere-alternativ-arty;atmosphere;Alternative Arty;Alternativ-Arty;Arty alternatif;Alternative Arty;2026-05-26T14:36:37.6136792+00:00
atmosphere-comedy;atmosphere;Comedy;comedy;Comédie;Commedia;2026-05-26T14:36:39.0547985+00:00
atmosphere-cool-and-trendy;atmosphere;trendy-hip;szenig-angesagt;branché-branché;trendy-hip;2026-05-26T14:36:41.7054654+00:00
atmosphere-cultural-and-inspiring;atmosphere;culturally inspiring;kulturell-inspirierend;Culturellement inspirant;Culturalmente stimolante;2026-05-26T14:36:42.7874207+00:00
atmosphere-glamurous-and-chic;atmosphere;Glam-chic;glam-chic;Glam-chic;Glam-chic;2026-05-26T14:36:43.1111135+00:00
atmosphere-lgbtq;atmosphere;LGBTQ;lgbtq;LGBTQ;LGBTQ;2026-05-26T14:36:43.1919539+00:00
atmosphere-lively-and-cheerful;atmosphere;cheerful and exuberant;fröhlich-ausgelassen;Gai et exubérant;allegro ed esuberante;2026-05-26T14:36:44.6805369+00:00
atmosphere-relaxed-and-cosy;atmosphere;relaxed and cosy;entspannt-gemütlich;Détendu et confortable;rilassato e accogliente;2026-05-26T14:58:14.2024897+00:00
atmosphere-traditional;atmosphere;traditional;traditionell;traditionnel;tradizionale;2026-05-26T14:36:44.4337968+00:00
atmosphere;atmosphere;Mood;Stimmung;Humeur;Umore;2026-05-26T14:36:46.1295965+00:00
audience-age-10;audience-age;From 10 years;Ab 10 Jahre;A partir de 10 ans;Da 10 anni;2026-05-26T14:58:15.3010877+00:00
audience-age-11;audience-age;From 11 years;Ab 11 Jahre;A partir de 11 ans;Da 11 anni;2026-05-26T14:58:15.9842421+00:00
audience-age-12;audience-age;From 12 years;Ab 12 Jahre;A partir de 12 ans;Da 12 anni;2026-05-26T14:58:17.9012+00:00
audience-age-13;audience-age;From 13 years;Ab 13 Jahre;A partir de 13 ans;Da 13 anni;2026-05-26T14:36:49.0354551+00:00
audience-age-14;audience-age;From 14 years;Ab 14 Jahre;A partir de 14 ans;Dai 14 anni;2026-05-26T14:36:50.636401+00:00
audience-age-15;audience-age;From 15 years;Ab 15 Jahre;A partir de 15 ans;Dai 15 anni;2026-05-26T14:37:12.1035379+00:00
audience-age-16;audience-age;From 16 years;Ab 16 Jahre;A partir de 16 ans;Dai 16 anni;2026-05-26T14:58:19.9914295+00:00
audience-age-17;audience-age;From 17 years;Ab 17 Jahre;A partir de 17 ans;Dai 17 anni;2026-05-26T14:58:21.8871058+00:00
audience-age-18;audience-age;From 18 years;Ab 18 Jahre;A partir de 18 ans;Dai 18 anni;2026-05-26T14:58:22.2897307+00:00
audience-age-6;audience-age;From 6 years;Ab 6 Jahre;A partir de 6 ans;Dai 6 anni;2026-05-26T14:58:28.6749008+00:00
audience-age-8;audience-age;From 8 years;Ab 8 Jahre;A partir de 8 ans;Da 8 anni;2026-05-26T14:58:33.575525+00:00
audience-age-till-12;audience-age;up to 12 years;bis 12 Jahre;jusqu’à 12 ans;fino a 12 anni;2026-05-26T14:58:39.7595527+00:00
audience-age-till-16;audience-age;up to 16 years;bis 16 Jahre;jusqu’à 16 ans;fino a 16 anni;2026-05-26T14:58:42.832407+00:00
audience-group-adults;audience-group;Adults;Erwachsene;Adulte;Adulti;2026-05-26T14:37:24.1127529+00:00
audience-group-children;audience-group;Children;Kinder;Enfants;Bambini;2026-05-26T14:58:41.2915187+00:00
audience-group-family;audience-group;Families;Familien;Famille;Famiglie;2026-05-26T14:37:28.121149+00:00
audience-group-female;audience-group;Women;Frauen;Femme;Donne;2026-05-26T14:58:43.2450877+00:00
audience-group-handicaped;audience-group;People with disabilities;Menschen mit Behinderungen;Personnes handicapées;Persone con disabilità;2026-05-26T14:59:34.8371475+00:00
audience-group-infants;audience-group;Infants up to approx. 6 years;Kleinkinder bis ca. 6 Jahre;Nourrissons jusqu’à environ 6 ans;Neonati fino a circa 6 anni;2026-05-26T14:58:50.0256641+00:00
audience-group-male;audience-group;Men;Männer;Hommes;Uomini;2026-05-26T14:37:31.8441512+00:00
audience-group-parents;audience-group;Parents;Eltern;Parents;Genitori;2026-05-26T14:37:33.4937775+00:00
audience-group-seniors;audience-group;Seniors;Senioren;Aînés;Anziani;2026-05-26T14:37:36.0258005+00:00
audience-group-lgbt;audience-group;LGBT+;LGBT+;LGBT+;LGBT+;2026-05-26T14:37:30.207881+00:00
audience-group-singles;audience-group;Alleinstehende_Singles;Alleinstehende_Singles;Alleinstehende_Singles;Alleinstehende_Singles;2026-05-26T14:38:28.7494475+00:00
audience-group-students;audience-group;Students;Studenten;Étudiants;Studenti;2026-05-26T14:38:29.2048044+00:00
audience-group-youth;audience-group;Adolescent;Jugendliche;Adolescent;Adolescente;2026-05-26T14:38:29.7636564+00:00
audience-info-age;audience-info;Rating;Altersfreigabe;Notation;Valutazione;2026-05-26T14:38:31.6609544+00:00
audience-info-all;audience-info;Open to all;Offen für alle;Ouvert à tous;Aperto a tutti;2026-05-26T14:58:53.1301209+00:00
audience-info-children;audience-info;Also recommended for children;Auch für Kinder empfehlenswert;Également recommandé pour les enfants;Consigliato anche per i bambini;2026-05-26T14:38:32.4047381+00:00
audience-info-groups;audience-info;Also suitable for groups / companies (special offers);Auch für Gruppen / Firmen geeignet (Spezialangebote);Convient également aux groupes / entreprises (offres spéciales);Adatto anche per gruppi / aziende (offerte speciali);2026-05-26T14:38:48.3242813+00:00
audience-info-invitationonly;audience-info;By invitation;Auf Einladung;Sur invitation;Su invito;2026-05-26T14:38:50.585883+00:00
audience-group-mixed;audience-group;Mixed (Men & Women);Gemischt (Männer & Frauen);Mixte (Hommes & Femmes);Misto (Uomini e Donne);2026-05-26T14:38:52.595279+00:00
audience-info-membersonly;audience-info;For members only;Nur für Mitglieder;Pour les membres seulement;Solo per i membri;2026-05-26T14:59:09.0600608+00:00
audience-info-school;audience-info;Also suitable for school classes (special offers);Auch für Schulklassen geeignet (Spezialangebote);Convient également aux classes scolaires (offres spéciales);Adatto anche per scolaresche (offerte speciali);2026-05-26T14:59:10.0109968+00:00
audience-information-playtime-aftermidnight;audience-information-playtime;after midnight;nach Mitternacht;après minuit;dopo la mezzanotte;2026-05-26T14:38:52.180793+00:00
audience-information-playtime-afternoon;audience-information-playtime;in the afternoon;nachmittags;dans l’après-midi;nel pomeriggio;2026-05-26T14:38:53.3702216+00:00
audience-information-playtime-evening;audience-information-playtime;only in the evening;nur abends;seulement le soir;solo la sera;2026-05-26T14:38:54.583886+00:00
audience-information-playtime-lunchtime;audience-information-playtime;Only at noon;nur mittags;Seulement à midi;Solo a mezzogiorno;2026-05-26T14:59:33.8504196+00:00
audience-information-playtime-morning;audience-information-playtime;only in the morning;nur morgens;seulement le matin;solo al mattino;2026-05-26T14:59:35.8864127+00:00
audience-information-playtime-nocturne;audience-information-playtime;at midnight;um Mitternacht;à minuit;a mezzanotte;2026-05-26T14:59:39.116257+00:00
distance-to-public-transport-station-less-than-100m;distance;Distance less than 100m to OeV;Distanz weniger als 100m zum OeV;Distance inférieure à 100m à OeV;Distanza meno di 100m da OeV;2026-05-26T14:59:39.6713951+00:00
distance-to-public-transport-station-less-than-10km;distance;Distance less than 10km to OeV;Distanz weniger als 10km zum OeV;Distance inférieure à 10km d’OeV;Distanza meno di 10km da OeV;2026-05-26T14:38:56.9181095+00:00
distance-to-public-transport-station-less-than-1km;distance;Distance less than 1km to OeV;Distanz weniger als 1km zum OeV;Distance inférieure à 1 km d’OeV;Distanza meno di 1km da OeV;2026-05-26T14:59:41.3141142+00:00
distance-to-public-transport-station-more-than-10km;distance;Distance more than 10km to OeV;Distanz mehr als 10km zum OeV;Distance de plus de 10 km à OeV;Distanza più di 10km da OeV;2026-05-26T14:59:42.2964836+00:00
distance-to-public-transport-station-more-than-1km;distance;Distance more than 1km to OeV;Distanz mehr als 1km zum OeV;Distance de plus de 1 km à OeV;Distanza più di 1 km da OeV;2026-05-26T14:59:41.885858+00:00
distance-to-train-station-less-than-100m;distance;Distance less than 100m to the train station;Distanz weniger als 100m zum Bahnhof;Distance inférieure à 100m de la gare;Distanza meno di 100m dalla stazione ferroviaria;2026-05-26T14:59:42.9347999+00:00
distance-to-train-station-less-than-10km;distance;Distance less than 10km to the train station;Distanz weniger als 10km zum Bahnhof;Distance inférieure à 10 km de la gare;Distanza meno di 10km dalla stazione ferroviaria;2026-05-26T14:38:57.3149075+00:00
distance-to-train-station-less-than-1km;distance;Distance less than 1km to the train station;Distanz weniger als 1km zum Bahnhof;Distance inférieure à 1 km de la gare;Distanza meno di 1km dalla stazione ferroviaria;2026-05-26T14:39:00.3073814+00:00
distance-to-train-station-more-than-10km;distance;Distance more than 10km to the train station;Distanz mehr als 10km zum Bahnhof;Distance plus de 10 km de la gare;Distanza più di 10km dalla stazione ferroviaria;2026-05-26T14:59:43.5163758+00:00
distance-to-train-station-more-than-1km;distance;Distance more than 1km to the train station;Distanz mehr als 1km zum Bahnhof;Distance à plus de 1 km de la gare;Distanza più di 1 km dalla stazione ferroviaria;2026-05-26T15:00:16.7383435+00:00
duration-1-2-hours;duration;Duration 1-2 hours;Dauer 1-2 Stunden;Durée 1-2 heures;Durata 1-2 ore;2026-05-26T14:39:01.145579+00:00
duration-1-3-hours;duration;Duration 1-3 hours;Dauer 1-3 Stunden;Durée 1-3 heures;Durata 1-3 ore;2026-05-26T14:59:43.9354542+00:00
duration-3-5-hours;duration;Duration 3-5 hours;Dauer 3-5 Stunden;Durée 3-5 heures;Durata 3-5 ore;2026-05-26T14:39:01.2456866+00:00
duration-4-6-hours;duration;Duration 4-6 hours;Dauer 4-6 Stunden;Durée 4-6 heures;Durata 4-6 ore;2026-05-26T14:59:54.4992491+00:00
duration-full-day;duration;Duration all day;Dauer ganztägig;Durée toute la journée;Durata tutto il giorno;2026-05-26T14:59:45.3744585+00:00
duration-multiple-days;duration;Duration of several days;Dauer mehrtägig;Durée de plusieurs jours;Durata di più giorni;2026-05-26T14:39:10.5541801+00:00
duration-half-day;duration;Duration half day;Dauer halbtags;Durée demi-journée;Durata mezza giornata;2026-05-26T14:39:01.8484542+00:00
genre-3d;genre;.3D;3D;..3D;..3D;2026-05-26T14:39:09.8928931+00:00
genre-action;genre;Action;Action;Action;Azione;2026-05-26T14:59:54.9366798+00:00
genre-scifi;genre;Science fiction;Science-Fiction;Science-fiction;Fantascienza;2026-05-26T14:59:55.4317735+00:00
genre-adventure;genre;Adventure;Abenteuer;Aventure;Avventura;2026-05-26T14:39:12.0234328+00:00
genre-ballet;genre;Ballet;Ballett;Ballet;Balletto;2026-05-26T15:02:38.2355326+00:00
genre-biography;genre;Biography;Biografie;Biographie;Biografia;2026-05-26T14:39:12.7096207+00:00
genre-blackandwhite;genre;Black;Schwarzweiss;Noir;Nero;2026-05-26T14:59:56.0953481+00:00
genre-cartoon;genre;Animation;Trickfilm;Animation;Animazione;2026-05-26T14:39:13.2162273+00:00
genre-children;genre;Children's film;Kinderfilm;Film pour enfants;Film per bambini;2026-05-26T14:59:56.4903565+00:00
genre-classicfilms;genre;Movie classics;Filmklassiker;Classiques du cinéma;Classici del cinema;2026-05-26T15:00:10.2254298+00:00
genre-comedy;genre;Comedy;Komödie;Comédie;Commedia;2026-05-26T14:59:57.285011+00:00
genre-documentary;genre;Documentation;Dokumentation;Documentation;Documentazione;2026-05-26T15:00:10.9342943+00:00
genre-disaster;genre;Calamities;Katastrophen;Calamités;Calamità;2026-05-26T14:39:14.1475163+00:00
genre-erotic_adultsonly;genre;Eroticism;Erotik;Érotisme;Erotismo;2026-05-26T15:00:14.4337755+00:00
genre-drama;genre;Drama;Drama;Drame;Dramma;2026-05-26T15:00:15.7965262+00:00
genre-experimental;genre;Experimental film;Experimentalfilm;Film expérimental;Film sperimentale;2026-05-26T14:39:15.9434785+00:00
genre-family;genre;Family film;Familienfilm;Film familial;Film per famiglie;2026-05-26T15:00:14.8726398+00:00
genre-fantasy;genre;Fantasy;Fantasy;Fantaisie;Fantasia;2026-05-26T15:00:45.2902126+00:00
genre-history;genre;Historical;Historisch;Historique;Storico;2026-05-26T14:39:14.6263013+00:00
genre-home;genre;Heimatfilm;Heimatfilm;Heimatfilm;Heimatfilm;2026-05-26T15:00:16.0947069+00:00
genre-horror;genre;Horror;Horror;Horreur;Orrore;2026-05-26T14:39:16.8202839+00:00
genre-musical;genre;Musical;Musical;Musical;Musicale;2026-05-26T15:00:16.5708888+00:00
genre-lunchmovie;genre;Lunch cinema;Lunchkino;Déjeuner cinéma;Pranzo cinema;2026-05-26T14:39:17.2420032+00:00
genre-musicfilm;genre;Music film;Musikfilm;Film musical;Film musicale;2026-05-26T15:00:17.1071841+00:00
genre-mystery;genre;Mystery;Mystery;Mystère;Mistero;2026-05-26T15:00:16.6628917+00:00
genre-opera;genre;Opera;Oper;Opéra;Opera;2026-05-26T14:39:18.1331412+00:00
genre-others;genre;Other genres;Weitere Genres;Autres genres;Altri generi;2026-05-26T14:39:24.808821+00:00
genre-prelaunch;genre;Preview;Vorpremiere;Aperçu;Anteprima;2026-05-26T15:00:17.8096402+00:00
genre-premiere;genre;Premiere;Premiere;Première;Prima;2026-05-26T15:00:17.5273187+00:00
genre-problem;genre;Problem film;Problemfilm;Film problématique;Film problematico;2026-05-26T14:39:24.1490265+00:00
genre-roadmovie;genre;Road Movie;Road Movie;Road Movie;Road Movie;2026-05-26T15:00:18.0353324+00:00
genre-short;genre;Short film;Kurzfilm;Court-métrage;Cortometraggio;2026-05-26T14:39:29.4270418+00:00
genre-romance;genre;Romance;Romanze;Romance;Romanzo;2026-05-26T14:39:25.3358069+00:00
genre-silentmovie;genre;Silent film;Stummfilm;Film muet;Film muti;2026-05-26T15:00:18.3676884+00:00
genre-special_filmnoir;genre;Film noir;Film noir;Film noir;Film noir;2026-05-26T14:39:31.9499695+00:00
genre-sport;genre;Sport;Sport;Sport;Sport;2026-05-26T15:00:18.5924208+00:00
genre-studiomovie;genre;Studio film;Studiofilm;Film de studio;Film in studio;2026-05-26T15:00:18.7981679+00:00
genre-theatermovie;genre;Theatrical film;Theaterfilm;Film théâtral;Film teatrale;2026-05-26T14:39:30.0487887+00:00
genre-thriller;genre;Detective story;Krimi;Histoire policière;Romanzo poliziesco;2026-05-26T14:39:30.4822956+00:00
genre-tragedy;genre;Tragicomedy;Tragikomödie;Tragicomédie;Tragicommedia;2026-05-26T14:39:31.1554054+00:00
genre-truestory;genre;True Story;True-Story;Histoire vraie;Storia vera;2026-05-26T14:39:31.7080966+00:00
genre-war;genre;War;Krieg;Guerre;Guerra;2026-05-26T15:00:19.2164994+00:00
genre-western;genre;Western;Western;Occidental;Occidentale;2026-05-26T15:00:19.630691+00:00
literature;literature;literature;literatur;littérature;letteratura;2026-05-26T15:00:20.0482405+00:00
music-classic;music;Classical music;Klassik;Musique classique;Musica classica;2026-05-26T15:00:20.2666248+00:00
music-folk;music;Folk;Folk;Peuple;Popolo;2026-05-26T15:00:22.5075434+00:00
parking-covered;parking;Garage;Garage;Garage;Garage;2026-05-26T15:00:21.3721617+00:00
music-jazz-pop-rock;music;Jazz/Pop/Rock;Jazz/Pop/Rock;Jazz/Pop/Rock;Jazz/Pop/Rock;2026-05-26T15:00:41.3848624+00:00
parking-no;parking;No parking;Keine Parkiermöglichkeit;Stationnement interdit;Divieto di parcheggio;2026-05-26T15:00:41.7400627+00:00
parking-own-bus-chargeable;parking;Own paid parking for buses;eigenes Gebührenpflichtes Parking  für Busse;Propre parking payant pour les bus;Parcheggio privato a pagamento per gli autobus;2026-05-26T15:00:42.8618149+00:00
parking-own-bus-free;parking;own free parking for buses;eigenes Gratis Parking für Busse;propre parking gratuit pour les bus;proprio parcheggio gratuito per gli autobus;2026-05-26T15:00:43.4624475+00:00
parking-own-chargeable;parking;own paid parking;eigenes Gebührenpflichtes Parking;parking payant propre;parcheggio privato a pagamento;2026-05-26T14:39:32.1707203+00:00
parking-own-free;parking;own free parking;eigenes Gratis Parking;Propre parking gratuit;parcheggio gratuito;2026-05-26T14:39:32.4690975+00:00
parking-own-mobilehome-chargeable;parking;Own parking for mobile homes;eigenes Gebührenpflichtes Parking  für Mobilhome;Parking propre pour mobil-homes;Parcheggio privato per case mobili;2026-05-26T14:39:33.2103169+00:00
parking-own-mobilehome-free;parking;own free parking for mobile homes;eigenes Gratis Parking für Mobilhome;Propre parking gratuit pour les mobil-homes;parcheggio gratuito per case mobili;2026-05-26T15:00:44.3706274+00:00
parking-public-bus-nearby-chargeable;parking;Paid parking for buses nearby;Gebührenpflichtes Parking für Busse in der Nähe;Parking payant pour les bus à proximité;Parcheggio a pagamento per autobus nelle vicinanze;2026-05-26T14:39:33.6561448+00:00
parking-public-bus-nearby-free;parking;Free parking for buses nearby;Gratis Parking für Busse in der Nähe;Parking gratuit pour les bus à proximité;Parcheggio gratuito per gli autobus nelle vicinanze;2026-05-26T15:00:43.8660422+00:00
parking-public-mobilehome-nearby-free;parking;Free parking for mobile homes nearby;Gratis Parking für Mobilhome in der Nähe;Parking gratuit pour mobil-homes à proximité;Parcheggio gratuito per case mobili nelle vicinanze;2026-05-26T14:39:34.2017495+00:00
parking-public-mobilehome-nearby-chargeable;parking;Paid parking for mobile homes nearby;Gebührenpflichtes Parking für Mobilhome in der Nähe;Parking payant pour mobil-homes à proximité;Parcheggio a pagamento per case mobili nelle vicinanze;2026-05-26T14:39:35.1206209+00:00
parking-public-nearby-free;parking;Free parking nearby;Gratis Parking in der Nähe;Parking gratuit à proximité;Parcheggio gratuito nelle vicinanze;2026-05-26T14:39:34.3527393+00:00
parking-public-nearby-chargeable;parking;Paid parking nearby;Gebührenpflichtes Parking in der Nähe;Parking payant à proximité;Parcheggio a pagamento nelle vicinanze;2026-05-26T14:44:37.3059171+00:00
parking-valet;parking;Valet parking;Park-Service;Voiturier;Parcheggio;2026-05-26T15:00:44.7825461+00:00
profile-enjoyment-1;profile-enjoyment;Enjoyment low;Genuss niedrid;Plaisir niedrid;Piacere niedrid;2025-02-27T08:47:45.2597244+00:00
profile-mod-alone;profile;Alone;Allein;Seul;Solo;2025-06-28T07:37:13.6332204+00:00
profile-mod-couple;profile;Pair;Paar;Paire;Paio;2025-06-28T07:37:29.3606911+00:00
profile-season-summer;profile;Summer;Sommer;Été;Estate;2025-06-28T07:37:46.9934115+00:00
profile-season-winter;profile;Winter;Winter;Hiver;Inverno;2025-06-28T07:39:58.3017825+00:00
profile-sport-1;profile-sport;Sport low;Sport niedrig;Sports bas;Sport bassi;2025-02-24T12:59:13.7242114+00:00
reduction-apprentice;reduction;Apprentices;Lehrlinge;Apprentis;Apprendisti;2026-05-26T14:39:35.6442893+00:00
reduction-citycard;reduction;Reduction with tourism card;Reduktion mit Tourismuskarte;Réduction avec carte de tourisme;Riduzione con tessera turistica;2026-05-26T15:00:45.8437877+00:00
reduction-family;reduction;Families;Familen;Famille;Famiglie;2026-05-26T15:00:53.9764368+00:00
reduction-donations;reduction;Volunteer Contribution Donations;Freiwilligenbeitrag-Spenden;Dons de contributions bénévoles;Donazioni di contributi volontari;2026-05-26T14:39:35.7377774+00:00
reduction-free-till-16;reduction;Free admission for children up to 16 years;Gratiseintritte für Kinder bis 16 Jahre;Entrée gratuite pour les enfants jusqu’à 16 ans;Ingresso gratuito per ragazzi fino a 16 anni;2026-05-26T14:39:38.4396575+00:00
reduction-free-till-12;reduction;Free admission for children up to 12 years;Gratiseintritte für Kinder bis 12 Jahre;Entrée gratuite pour les enfants jusqu’à 12 ans;Ingresso gratuito per bambini fino a 12 anni;2026-05-26T15:00:51.1112536+00:00
reduction-free;reduction;Free admission;Gratiseintritte;Entrée libre;Ingresso libero;2026-05-26T15:00:48.5866146+00:00
reduction-free-till-6;reduction;Free admission for children up to 6 years;Gratiseintritte für Kinder bis 6 Jahre;Entrée gratuite pour les enfants jusqu’à 6 ans;Ingresso gratuito per bambini fino a 6 anni;2026-05-26T14:39:48.1195683+00:00
reduction-group;reduction;Groups;Gruppen;Groupe;Gruppi;2026-05-26T15:00:56.0724127+00:00
reduction-general;reduction;general reductions;generelle Reduktionen;Réductions générales;Riduzioni generali;2026-05-26T15:00:53.370196+00:00
reduction-handicaped;reduction;Invalid;Invalide;Non valide;Non valido;2026-05-26T15:00:59.0866895+00:00
reduction-localpopulation;reduction;Local;Einheimische;Local;Locale;2026-05-26T15:01:02.9758277+00:00
reduction-membercard;reduction;Membership reduction;Mitgliederreduktion;Réduction du nombre de membres;Riduzione dell'iscrizione;2026-05-26T15:01:14.4910085+00:00
reduction-multipledaypass;reduction;Multi-day ticket reduction;Mehrtageskartenreduktion;Réduction de billets de plusieurs jours;Riduzione del biglietto di più giorni;2026-05-26T14:39:52.3142118+00:00
reduction-percentagebased;reduction;percentage reduction;prozentuale Ermässigung;pourcentage de réduction;riduzione percentuale;2026-05-26T15:01:03.4816205+00:00
reduction-presale;reduction;Presale;Vorverkauf;Prévente;Prevendita;2026-05-26T14:39:53.0303525+00:00
reduction-seniors;reduction;Seniors;Senioren;Aînés;Anziani;2026-05-26T15:01:04.2179785+00:00
reduction-students;reduction;Students;Studenten;Étudiants;Studenti;2026-05-26T15:01:08.4235745+00:00
reservation-online;reservation;Online reservation;Online-Reservation;Réservation en ligne;Prenotazione;2026-05-26T15:01:21.6029763+00:00
seasonality-summer-only;seasonality;Summer season;Sommersaison;Saison estivale;Stagione estiva;2026-05-26T14:39:55.5123052+00:00
seasonality-winter-only;seasonality;Winter season;Wintersaison;Saison d’hiver;Stagione invernale;2026-05-26T14:39:56.9840585+00:00
transport-mountainrailway;transport;Mountain railway ascent/descent;Bergbahnauf-/-abstieg;Ascension/descente du chemin de fer de montagne;Salita/discesa in montagna;2026-05-26T15:01:22.8804614+00:00
weather-conditions-dry-days;weather-conditions;Dry weather;Trockenwetter;Temps sec;Tempo asciutto;2026-05-26T14:39:58.3361573+00:00
weather-conditions-snow-days;weather-conditions;Snow;Schnee;Neige;Neve;2026-05-26T15:01:23.8245792+00:00
weather-conditions-wet-days;weather-conditions;Wet weather;Nasswetter;Pluvieux;Tempo piovoso;2026-05-26T15:01:24.2746616+00:00
accessibility-suitableforperambulators;accessibility;Stroller Friendly;kinderwagengerecht;Poussette amicale;Passeggino amichevole;2026-05-26T14:40:06.795458+00:00
culinary-breakfast;culinary;Breakfast;Frühstück;Petit déjeuner;Colazione;2026-05-26T15:01:38.4012052+00:00
culinary-brunch;culinary;Brunch;Brunch;Brunch;Brunch;2026-05-26T14:40:16.0072363+00:00
culinary-dailyspecial;culinary;Specials of the day;Tagesspezialität;Spéciaux du jour;Offerte speciali del giorno;2026-05-26T15:01:41.2848781+00:00
culinary-dinner;culinary;Supper;Abendessen;Souper;Cena;2026-05-26T14:40:24.7328563+00:00
culinary-cooktogether;culinary;Cooking together;Gemeinsam kochen;Cuisiner ensemble;Cucinare insieme;2026-05-26T14:40:21.7961765+00:00
culinary-dinnerwithprogram;culinary;Meals with program;Essen mit Programm;Repas avec programme;Pasti con programma;2026-05-26T15:01:43.2209757+00:00
culinary-foodfestival;culinary;Food Festival;Food Festival;Festival gastronomique;Festa del cibo;2026-05-26T15:01:44.2487333+00:00
culinary-eattogether;culinary;Eating together;Gemeinsam essen;Manger ensemble;Mangiare insieme;2026-05-26T15:01:43.3815249+00:00
culinary-lunch;culinary;Lunch;Mittagessen;Déjeuner;Pranzo;2026-05-26T14:40:31.2341118+00:00
culinary-seasonal;culinary;seasonal specialities;saisonale Spezialitäten;Spécialités de saison;Specialità stagionali;2026-05-26T14:40:33.2499826+00:00
culinary-tasting;culinary;Tasting;Degustation;Dégustation;Degustazione;2026-05-26T14:40:37.3202127+00:00
culinary-variousculinary;culinary;more culinary delights;weitere Kulinarik;Plus de délices culinaires;Altre delizie culinarie;2026-05-26T15:01:47.5919519+00:00
culinary-specialoccasions;culinary;special occasions;spezielle Anlässe;Occasions spéciales;Occasioni speciali;2026-05-26T14:40:37.7143794+00:00
general-dogfriendly;general;Dog friendly;hundefreundlich;Chien accepté;Dog friendly;2026-05-26T14:40:41.2304005+00:00
general-dining;general;Refreshments;Einkehrmöglichkeit;Rafraîchissements;Rinfreschi;2026-05-26T14:40:48.9625729+00:00
general-educational;general;instructive;lehrreich;instructif;istruttivo;2026-05-26T15:01:53.6660171+00:00
general-fireplace;general;Fire pit on the way;Feuerstelle unterwegs;Foyer sur le chemin;Pozzo del fuoco sulla strada;2026-05-26T15:01:53.2010844+00:00
general-shopping;general;Shopping on the go;Einkaufsmöglichkeit unterwegs;Shopping en déplacement;Shopping in movimento;2026-05-26T14:40:56.3690643+00:00
general-publictoilet;general;public toilet on the way;öffentliche Toilette unterwegs;toilettes publiques sur le chemin;servizi igienici pubblici lungo la strada;2026-05-26T14:40:56.9202351+00:00
general-suitableforfamilies;general;family-friendly;familienfreundlich;Adapté aux familles;adatto alle famiglie;2026-05-26T14:41:01.4722533+00:00
general-playground;general;Playground on the way;Spielplatz unterwegs;Aire de jeux sur le chemin;Parco giochi lungo la strada;2026-05-26T15:01:57.5473576+00:00
incentive-quiz;incentive;with puzzles;mit Rätsel;avec des puzzles;con puzzle;2026-05-26T15:01:57.7779513+00:00
incentive-reward;incentive;with reward at the end;mit Belohnung am Ende;avec récompense à la fin;con ricompensa alla fine;2026-05-26T15:01:58.2787001+00:00
profile-enjoyment-5;profile-enjoyment;Enjoyment high;Genuss hoch;Plaisir élevé;Piacere alto;2025-02-27T08:47:46.5467943+00:00
profile-sport-5;profile-sport;Sport high;Sport hoch;Sports high;Sport alto;2025-02-24T12:59:44.8599977+00:00
trail-looptour;trail;Tour;Rundtour;Tour;Viaggio;2026-05-26T14:41:18.982699+00:00
trail-onewaytour;trail;Back and forth;Hin und zurück;Aller et retour;Andata e ritorno;2026-05-26T14:43:32.4740647+00:00
trail-scenic;trail;promising;aussichtsreich;prometteur;promettente;2026-05-26T15:01:58.4145609+00:00
trail-multistagetour;trail;Stage tour;Etappentour;Tour d’étape;Tour di tappa;2026-05-26T14:42:56.229259+00:00
trail-pointtopoint;trail;From A to B;Von A nach B;De A à B;Da A a B;2026-05-26T14:43:40.1960691+00:00
transport-publictransportfriendly;transport;accessible by public transport;mit dem ÖV erreichbar;Accessible par les transports en commun;raggiungibile con i mezzi pubblici;2026-05-26T14:43:44.1419118+00:00
proposed-by-editor;proposed;Editorially recommended;redaktionell empfohlen;Recommandation éditoriale;Editorialmente consigliato;2026-05-26T15:02:04.5881728+00:00
school-difficulty-level-difficult;school-difficulty-level;difficult for students;schwierig für Schüler;difficile pour les étudiants;difficile per gli studenti;2026-05-26T14:44:12.2467237+00:00
school-difficulty-level-easy;school-difficulty-level;simple-easy for students;einfach-leicht für Schüler;Simple-facile pour les étudiants;semplice-facile per gli studenti;2026-05-26T14:44:12.6620978+00:00
school-difficulty-level-medium;school-difficulty-level;medium difficult for students;mittelschwierig für Schüler;Moyen difficile pour les étudiants;medio difficile per gli studenti;2026-05-26T14:44:17.3271489+00:00
school-level-kindergarden;school-level;Kindergarten;Kindergarten;École maternelle;Scuola materna;2026-05-26T14:44:13.2772779+00:00
school-level-primary-fifth-sixth-grade;school-level;5th/6th primary class;5./6. Primarklasse;5ème/6ème classe primaire;5ª/6ª classe primaria;2026-05-26T14:44:16.8428834+00:00
school-level-primary-first-second-grade;school-level;1st/2nd primary class;1./2. Primarklasse;1ère/2ème classe primaire;1ª/2ª classe primaria;2026-05-26T14:44:13.7019648+00:00
school-level-primary-third-fourth-grade;school-level;3rd/4th primary class;3./4. Primarklasse;3ème/4ème classe primaire;3ª/4ª classe primaria;2026-05-26T14:44:16.386087+00:00
schooltrip-category-action;schooltrip-category;Fun and action;Spass und Action;Amusement et action;Divertimento e azione;2026-05-26T14:44:17.7674004+00:00
schooltrip-category-animals;schooltrip-category;Animals;Tiere;Animaux;Animali;2026-05-26T15:02:12.6427642+00:00
schooltrip-category-castles-monastery;schooltrip-category;Castles Castles Monasteries;Schlösser Burgen Klöster;Châteaux Châteaux Monastères;Castelli Castelli Monasteri;2026-05-26T15:02:13.8598325+00:00
schooltrip-category-history-and-culture;schooltrip-category;History and culture;Geschichte und Kultur;Histoire et culture;Storia e cultura;2026-05-26T15:02:14.2553317+00:00
schooltrip-category-museums;schooltrip-category;Museums;Museen;Musées;Musei;2026-05-26T14:44:21.1173525+00:00
schooltrip-category-nature-and-environment;schooltrip-category;Nature and environment;Natur und Umwelt;Nature et environnement;Natura e ambiente;2026-05-26T14:44:20.67666+00:00
schooltrip-category-romans;schooltrip-category;Roman;Römer;Romain;Romano;2026-05-26T15:02:14.2564729+00:00
schooltrip-category-science;schooltrip-category;Science;Wissenschaft;Science;Scienza;2026-05-26T14:44:20.2037327+00:00
schooltrip-category-exercise-and-sport;schooltrip-category;Exercise and sport;Bewegung und Sport;Exercice et sport;Esercizio fisico e sport;2026-05-26T15:02:15.6038606+00:00
schooltrip-category-culture-at-school;schooltrip-category;Culture sets a precedent;Kultur macht Schule;La culture va à l’école;La cultura va a scuola;2026-05-26T15:02:15.7240389+00:00
school-level-secondary-first-grade;school-level;1. Secondary education;1. Sekundarstufe;1. Enseignement secondaire;1. Istruzione secondaria;2026-05-26T13:02:37.7076135+00:00
school-level-secondary-second-grade;school-level;2. Secondary education;2. Sekundarstufe;2. Enseignement secondaire;2. Istruzione secondaria;2026-05-26T15:02:16.9059622+00:00
profile-fun-1;profile-fun;Fun low;Spass niedrig;Fun bas;Divertimento basso;2025-02-24T12:54:12.5939229+00:00
profile-fun-5;profile-fun;Fun high;Spass hoch;Très amusant;Molto divertimento;2025-02-24T12:54:59.1104641+00:00
profile-relaxation-1;profile-relaxation;Relaxation low;Entspannung niedrig;Détente faible;Rilassamento basso;2025-02-24T12:59:08.9305975+00:00
profile-mod-group;profile;Group;Gruppe;Groupe;Gruppo;2025-06-28T07:37:16.6401975+00:00
profile-relaxation-5;profile-relaxation;Relaxation high;Entspannung hoch;Relaxation élevée;Rilassamento alto;2025-02-24T12:59:11.3608779+00:00
profile-tourist-recommendation-level-1;profile;Tourist recommendation level 1;Touristische Empfehlung-Stufe 1;Recommandation touristique niveau 1;Raccomandazione turistica livello 1;2025-06-28T07:41:36.5952876+00:00
culinary-gourmet;culinary;Gourmet;Gourmet;Gourmet;Buongustaio;2026-05-26T14:44:38.7999231+00:00
culinary-french;culinary;French;Französisch;Français;Francese;2026-05-26T14:44:42.7541804+00:00
culinary-local-specialities;culinary;Local specialities;Lokale Spezialitäten;Spécialités locales;Specialità locali;2026-05-26T14:45:01.6332657+00:00
culinary-italian;culinary;Italian;Italienisch;Italien;Italiano;2026-05-26T14:44:51.6441831+00:00
culinary-indian;culinary;Indian;Indisch;Indien;Indiano;2026-05-26T15:02:30.831151+00:00
culinary-healthy;culinary;Healthy;Healthy;Sain;Sano;2026-05-26T14:44:49.7563951+00:00
culinary-fish;culinary;Fish/Seafood;Fisch/Seafood;Poissons/fruits de mer;Pesce/Frutti di mare;2026-05-26T15:02:30.177256+00:00
culinary-american;culinary;American;Amerikanisch;Américain;Americano;2026-05-26T14:44:50.5230278+00:00
culinary-asian;culinary;Asian;Asiatisch;Asiatique;Asiatico;2026-05-26T14:45:45.0017746+00:00
culinary-dessert;culinary;Desserts;Nachspeisen;Desserts;Dolci;2026-05-26T15:02:30.4817417+00:00
dance-modern;dance;Modern;Modern;Moderne;Moderno;2026-05-26T14:46:03.3968933+00:00
culinary-japanese-sushi;culinary;Japanese sushi;Japanisch-sushi;Sushi japonais;Sushi giapponese;2026-05-26T14:46:04.0004952+00:00
dance-ballet;dance;Ballet;Ballett;Ballet;Balletto;2026-05-26T15:02:33.914683+00:00
dance-show;dance;Show;Show;Montrer;Mostrare;2026-05-26T14:46:16.6625227+00:00
dance-dance-theater;dance;Dance theater;Tanztheater;Danse théâtre;Teatro danza;2026-05-26T14:46:10.5842542+00:00
culinary-spanish;culinary;Spanish;Spanisch;Espagnol;Spagnolo;2026-05-26T15:02:34.2857284+00:00
dance-performance;dance;Performance;Performance;Performance;Prestazione;2026-05-26T14:46:16.0547879+00:00
culinary-vegetarian;culinary;Vegetarian;Vegetarisch;Végétarien;Vegetariano;2026-05-26T15:02:34.8298607+00:00
dance-ball;dance;Ball;Ball;Ballon;Palla;2026-05-26T14:46:16.7986207+00:00
languages-chinese;languages;Chinese;Chinesisch;Chinois;Cinese;2026-05-26T14:46:18.8689606+00:00
languages-english;languages;English;Englisch;Anglais;Inglese;2026-05-26T15:02:38.568999+00:00
life-christmas;life;Christmas;Weihnachten;Noël;Natale;2026-05-26T15:02:39.0229936+00:00
languages-japanese;languages;Japanese;Japanisch;Japonais;Giapponese;2026-05-26T15:02:39.4812585+00:00
life-alpine-experience;life;Alpine experience;Alpenerlebnis;Expérience alpine;Esperienza alpina;2026-05-26T14:46:19.5594922+00:00
languages-hindi;languages;Hindi;Hindi;Hindi;Hindi;2026-05-26T14:46:18.9739445+00:00
life-sleeping-in-the-straw;life;Sleeping in straw;Schlafen im Stroh;Dormir dans la paille;Dormire nella paglia;2026-05-26T15:02:43.8238851+00:00
life-festival;life;Festival;Festival;Fête;Festival;2026-05-26T14:46:30.0056488+00:00
languages-french;languages;French;Französisch;Français;Francese;2026-05-26T15:02:39.496599+00:00
languages-italian;languages;Italian;Italienisch;Italien;Italiano;2026-05-26T14:46:19.6737759+00:00
life-apres-ski;life;Après Ski;Après Ski;Après-ski;Après Ski;2026-05-26T15:02:44.0989147+00:00
life-nature;life;Nature;Natur;Nature;Natura;2026-05-26T14:46:27.1240054+00:00
life-guided;life;Guided;Geführt;Guidé;Guidato;2026-05-26T14:46:26.5656688+00:00
life-recreation-and-leisure;life;Leisure;Freizeit;Loisir;Tempo libero;2026-05-26T14:46:29.3341084+00:00
life-adventure-farm;life;Adventure farm;Erlebnishof;Ferme d’aventure;Fattoria avventura;2026-05-26T14:46:32.0528615+00:00
music-rap;music;Rap;Rap;Rap;Colpo;2026-05-26T15:02:40.139496+00:00
music-symphony-orchestra;music;Symphony orchestra;Symphonieorchester;Orchestre symphonique;Orchestra sinfonica;2026-05-26T14:46:30.2693817+00:00
languages-german;languages;German;Deutsch;Allemand;Tedesco;2026-05-26T14:46:30.7176836+00:00
market-street-market;market;Street Market;Strassenmarkt;Marché de rue;Mercato di strada;2026-05-26T15:02:44.5483875+00:00
life-open-air;life;Open;Open-air;Ouvrir;Aperto;2026-05-26T14:46:37.318349+00:00
music-folk-music;music;Folk music;Volksmusik;Musique folk;Musica popolare;2026-05-26T14:46:32.4980137+00:00
life-summer-activities;life;Summer;Sommeraktivitäten;Été;Estate;2026-05-26T15:02:44.9036788+00:00
music-techno;music;Techno;Techno;Techno;Techno;2026-05-26T14:46:33.4530726+00:00
music-church;music;Church;Kirchenmusik;Église;Chiesa;2026-05-26T14:46:31.1506112+00:00
music-trance;music;Trance;Trance;Transe;Trance;2026-05-26T15:02:44.9996012+00:00
music-gothic;music;Gothic;Gothic;Gothique;Gotico;2026-05-26T14:46:36.2534054+00:00
music-punk;music;Punk;Punk;Punk;Punk;2026-05-26T15:02:46.5903147+00:00
music-chamber;music;Chamber music;Kammermusik;Musique de chambre;Musica da camera;2026-05-26T14:46:37.084672+00:00
market-christmas-market;market;Christmas market;Weihnachtsmarkt;Marché de Noël;Mercatino di Natale;2026-05-26T15:02:49.3857311+00:00
music-swing;music;Swing;Swing;Balançoire;Altalena;2026-05-26T15:02:48.5813511+00:00
music-yodel;music;Yodel;Jodel;Iodler;Gorgheggiare;2026-05-26T14:46:40.8630413+00:00
seasonality-winter;seasonality;Winter;Winter;Hiver;Inverno;2026-05-26T14:46:37.8043947+00:00
regional-customs-carnival;regional-customs;Fasnacht;Fasnacht;Fasnacht;Fasnacht;2026-05-26T14:46:43.6189032+00:00
weekdays-wednesday;weekdays;Wednesday;Mittwoch;Mercredi;Mercoledì;2026-05-26T14:46:46.9840397+00:00
culinary-gluten-free;culinary;Gluten-free;Glutenfrei;Sans gluten;Senza glutine;2026-05-26T15:02:49.3997827+00:00
seasonality-spring;seasonality;Spring;Frühling;Source;Primavera;2026-05-26T15:02:51.8552138+00:00
weekdays-friday;weekdays;Friday;Freitag;Vendredi;Venerdì;2026-05-26T15:02:52.7255254+00:00
culinary-pizza;culinary;Pizza;Pizza;Pizza;Pizza;2026-05-26T15:02:50.7880449+00:00
culinary-streetfood;culinary;Street food;Street-Food;Cuisine de rue;Cibo di strada;2026-05-26T14:46:49.5099601+00:00
culinary-thai;culinary;Thai;Thailändisch;Thaï;Tailandese;2026-05-26T14:46:49.8350181+00:00
transport-rickshaw;transport;Rickshaw;Rikscha;Pousse-pousse;Risciò;2026-05-26T14:46:49.9271043+00:00
culinary-oriental;culinary;Oriental;Orientalisch;Oriental;Orientale;2026-05-26T14:46:50.3765586+00:00
culinary-bbq;culinary;BBQ;BBQ;BBQ;Barbecue;2026-05-26T15:02:53.3403482+00:00
culinary-mediterranean;culinary;Mediterranean;Mediterran;Méditerranéen;Mediterraneo;2026-05-26T14:46:51.4135414+00:00
culinary-mexican;culinary;Mexican;Mexikanisch;Mexicain;Messicano;2026-05-26T14:46:54.7385448+00:00
culinary-pasta;culinary;Pasta;Pasta;Pâtes alimentaires;Pasta;2026-05-26T15:03:00.498225+00:00
transport-transfer;transport;Transfer;Transfer;Transfert;Trasferimento;2026-05-26T14:46:54.3030045+00:00
weekdays-saturday;weekdays;Saturday;Samstag;Samedi;Sabato;2026-05-26T14:46:57.8223012+00:00
weekdays-monday;weekdays;Monday;Montag;Lundi;Lunedì;2026-05-26T15:03:01.8244358+00:00
culinary-poke;culinary;Poke;Poke;Piquer;Attizzare;2026-05-26T14:46:57.8738958+00:00
swissness-local-product;swissness;Local Product;Lokal-Produkt;Produit local;Prodotto Locale;2026-05-26T14:46:58.4074261+00:00
culinary-international;culinary;International;International;International;Internazionale;2026-05-26T14:47:00.396178+00:00
transport-bus;transport;Bus;Bus;Bus;Autobus;2026-05-26T14:46:58.314354+00:00
culinary-vegan;culinary;Vegan;Vegan;Végétalien;Vegano;2026-05-26T14:46:59.0915508+00:00
life-concert;life;Concert;Konzert;Concert;Concerto;2026-05-26T15:03:03.4587977+00:00
life-mountain;life;Mountain;Berg;Montagne;Montagna;2026-05-26T15:03:02.4422505+00:00
languages-portuguese;languages;Portuguese;Portugiesisch;Portugais;Portoghese;2026-05-26T15:03:02.8703283+00:00
dance-classic;dance;Classic;Klassisch;Classique;Classico;2026-05-26T15:03:04.3816741+00:00
life-holiday-camp;life;Holiday camp;Ferienlager;Camp de vacances;Villaggio turistico;2026-05-26T14:47:11.1849371+00:00
languages-spanish;languages;Spanish;Spanisch;Espagnol;Spagnolo;2026-05-26T14:46:59.6662746+00:00
life-outdoor;life;Outdoor;Outdoor;Extérieur;All’aperto;2026-05-26T15:03:04.7938507+00:00
music-baroque;music;Baroque;Barock;Baroque;Barocco;2026-05-26T14:47:02.6176723+00:00
languages-russian;languages;Russian;Russisch;Russe;Russo;2026-05-26T15:03:05.7062365+00:00
market-farmers-market;market;Farmer's Market;Bauernmarkt;Marché fermier;Mercato contadino;2026-05-26T15:03:05.9049681+00:00
weekdays-tuesday;weekdays;Tuesday;Dienstag;Mardi;Martedì;2026-05-26T15:03:12.2195056+00:00
market-flea-market;market;Flea market;Flohmarkt;Marché aux puces;Mercato delle pulci;2026-05-26T15:03:06.194896+00:00
life-indoor;life;Indoor;Indoor;Intérieur;Interno;2026-05-26T14:47:09.0801761+00:00
market-fair;market;Fair;Jahrmarkt;Juste;Fiera;2026-05-26T14:47:09.6068418+00:00
music-chapel;music;Ländlerkapelle;Ländlerkapelle;Ländlerkapelle;Ländlerkapelle;2026-05-26T15:03:06.364955+00:00
regional-customs-flag-waving;regional-customs;Flag-waving;Fahnenschwingen;Agitement de drapeau;Sventolare la bandiera;2026-05-26T14:47:10.5920836+00:00
transport-boat;transport;Boat;Boot;Bateau;Barca;2026-05-26T15:03:10.879632+00:00
weekdays-thursday;weekdays;Thursday;Donnerstag;Jeudi;Giovedì;2026-05-26T15:03:14.4706788+00:00
transport-e-tuktuk;transport;E-TukTuk;E-TukTuk;E-TukTuk;E-TukTuk;2026-05-26T15:03:12.2468013+00:00
life-excursions;life;Destinations;Ausflugsziele;Destinations;Destinazioni;2026-05-26T14:47:10.0588285+00:00
swissness-sustainable-production;swissness;Sustainable production;Nachhaltige-Produktion;Production durable;Produzione sostenibile;2026-05-26T14:47:11.6005973+00:00
music-alphorn;music;Alphorn;Alphorn;Cor des Alpes;Alphorn;2026-05-26T14:47:12.3627448+00:00
seasonality-summer;seasonality;Summer;Sommer;Été;Estate;2026-05-26T15:03:12.5543437+00:00
weekdays-sunday;weekdays;Sunday;Sonntag;Dimanche;Domenica;2026-05-26T15:03:12.7005634+00:00
music-reggaeton;music;Reggaeton;Reggaeton;Reggaeton;Reggaeton;2026-05-26T15:03:12.707831+00:00
transport-e-bike;transport;E-Bike;E-Bike;Vélo électrique;E-Bike;2026-05-26T14:47:13.7339741+00:00
music-soul;music;Soul;Soul;Âme;Anima;2026-05-26T15:03:20.4555454+00:00
music-house;music;House;House;Maison;Casa;2026-05-26T14:47:22.8718777+00:00
music-electric;music;Electric;Elektro;Électrique;Elettrico;2026-05-26T14:47:17.5794519+00:00
music-rockabilly;music;Rockabilly;Rockabilly;Rockabilly;Rockabilly;2026-05-26T15:03:13.6881765+00:00
music-funk;music;Funk;Funk;Funk;Funk;2026-05-26T14:47:15.0850786+00:00
music-metal;music;Metal;Metal;Métal;Metallo;2026-05-26T14:47:22.0136356+00:00
seasonality-autumn;seasonality;Autumn;Herbst;Automne;Autunno;2026-05-26T15:03:13.1239496+00:00
music-hardcore-techno;music;Hardcore Techno;Hardcore-Techno;Hardcore Techno;Hardcore Techno;2026-05-26T14:47:25.3690092+00:00
swissness-made-in-switzerland;swissness;Made-in-Switzerland;Made-in-Switzerland;Fabriqué en Suisse;Made in Switzerland;2026-05-26T15:03:22.7264111+00:00
regional-customs-alpine-ascension;regional-customs;Cattle Procession;Alpaufzug;Procession bovine;Processione del bestiame;2026-05-26T14:47:22.4201629+00:00
life-winter-activities;life;Winter;Winteraktivitäten;Hiver;Inverno;2026-05-26T15:03:22.7467654+00:00
music-blues;music;Blues;Blues;Blues;Blues;2026-05-26T14:47:25.8731219+00:00
music-hip-hop;music;Hip-hop;Hip-Hop;Hip-hop;Hip-hop;2026-05-26T14:47:20.025998+00:00
music-piano;music;Piano;Klavier;Piano;Pianoforte;2026-05-26T14:47:19.5959477+00:00
life-snow-sports;life;Snow sports;Schneesport;Sports de neige;Sport sulla neve;2026-05-26T14:47:26.731029+00:00
music-country;music;Country;Country;Pays;Paese;2026-05-26T15:03:16.1825667+00:00
music-karaoke;music;Karaoke;Karaoke;Karaoké;Karaoke;2026-05-26T15:03:14.9129488+00:00
music-reggae;music;Reggae;Reggae;Reggae;Reggae;2026-05-26T14:47:26.3551253+00:00
accomodation-luggage-transport;accomodation;Baggage;Gepäcktransport;Bagage;Bagaglio;2026-05-26T15:03:30.4292083+00:00
hiking-alpine-hiking;hiking;Alpine hiking;Alpinwandern;Randonnée alpine;Escursioni alpine;2026-05-26T15:03:30.9137998+00:00
accomodation-accomodation;accomodation;Spend the night;Übernachten;Passez la nuit;Trascorri la notte;2026-05-26T14:47:32.6952779+00:00
hiking-mountain-hiking;hiking;Hiking;Bergwandern;Randonnée;Escursionismo;2026-05-26T15:03:34.2392299+00:00
market-rent;market;Renting;Vermietung;Location;Affitto;2026-05-26T15:03:34.5974424+00:00
market-buy;market;Buy;Kaufen;Acheter;Comprare;2026-05-26T14:47:32.919451+00:00
hiking-hiking;hiking;Wander;Wandern;Errer;Vagabondare;2026-05-26T15:03:36.6690171+00:00
transport-cable-railway;transport;Mountain railway;Bergbahn;Chemin de fer de montagne;Ferrovia di montagna;2026-05-26T15:03:35.2023547+00:00
audience-info-association;audience-info;association;Veriene/Firmen;Entreprises/Entreprises;Aziende/Aziende;2026-05-26T15:03:37.8778767+00:00
life-wellness;life;Wellness;Wellness;Bien-être;Benessere;2026-05-26T15:03:37.994579+00:00
general-picnic;general;Picnic area on the way;Picknickplatz unterwegs;Aire de pique-sur le chemin;Area picnic lungo la strada;2026-05-26T14:47:34.2924618+00:00
transport-mobility;transport;Mobility;Mobilität;Mobilité;Mobilità;2026-05-26T14:47:33.3644029+00:00
culinary-winetour;culinary;Wine Tour;Weintour;Visite des vins;Tour del vino;2026-05-26T14:47:38.8019309+00:00
region-central-ch;region;Central;Zentralschweiz;Central;Centrale;2026-05-26T14:47:39.8672736+00:00
culinary-fast-food;culinary;Fast food;Fast-Food;Restauration rapide;Fast food;2026-05-26T14:47:40.0115973+00:00
region-bernese-mountains;region;Bernese Oberland;Berner Oberland;Oberland bernois;Bernese Oberland;2026-05-26T14:47:40.4053007+00:00
region-eastern-ch;region;Eastern switzerland;Ostschweiz;Suisse orientale;Svizzera orientale;2026-05-26T15:03:49.6457152+00:00
region-zuerich;region;Zurich Region;Region Zürich;Région de Zurich;Zurigo Regione;2026-05-26T14:47:40.9408569+00:00
region-zuerichsee;region;Rapperswil Lake Zurich;Rapperswil Zürichsee;Lac de Rapperswil Zurich;Rapperswil Lago di Zurigo;2026-05-26T14:47:41.6717404+00:00
schooltrip-category-kultur-macht-schule;schooltrip-category;Culture sets a precedent;Kultur macht Schule;La culture va à l’école;La cultura va a scuola;2026-05-26T14:47:41.2656036+00:00
transport-onfoot;transport;On foot;Zu Fuss;À pied;A piedi;2026-05-26T15:03:49.9884652+00:00
transport-segway;transport;Segway;Segway;Segway;Segway (Segway);2026-05-26T15:03:49.7158247+00:00
pns-at-restaurant-parking;located-at;At Restaurant Parking;Beim Restaurant;Gastronomie;Al parcheggio Ristorante;2026-05-26T15:03:51.8138831+00:00
pns-at-marina;located-at;At marina;Am Jachthafen;Ports de plaisance;Alla marina;2026-05-26T14:47:42.7428126+00:00
pns-at-private-house;located-at;At Private house;Bei Privathaus;Chez l’habitant;In Casa Privata;2026-05-26T15:03:51.9455262+00:00
pns-at-farmhouse;located-at;At Farmhouse;Beim Bauernhof;Agrotourisme;Alla Fattoria;2026-05-26T15:03:52.220595+00:00
pns-nature-spot;located-at;Nature spot;Naturplatz;Au naturel;Posto Naturale;2026-05-26T14:47:43.8113279+00:00
pns-at-campsite;located-at;At Campsite;Beim Campingplatz;Au Camping;Al Campeggio;2026-05-26T14:47:42.8567536+00:00
pns-rv-parking;located-at;RV Parking;Wohnmobilstellplatz;Aires camping-car;Parcheggio RV;2026-05-26T15:03:52.5513411+00:00
pns-at-mountain-railway;located-at;At Mountain Railway;Bei Bergbahn;Près téléphérique;Alla ferrovia di montagna;2026-05-26T14:47:43.1646626+00:00
audience-age-5;audience-age;From 5 years;Ab 5 Jahre;À partir de 5 ans;A partire da 5 anni;2026-05-26T14:47:45.0147953+00:00
audience-age-4;audience-age;From 4 years;Ab 4 Jahre;À partir de 4 ans;A partire da 4 anni;2026-05-26T14:47:45.3628838+00:00
audience-age-2;audience-age;From 2 years;Ab 2 Jahre;À partir de 2 ans;A partire da 2 anni;2026-05-26T14:47:45.8717331+00:00
audience-age-9;audience-age;From 9 years;Ab 9 Jahre;À partir de 9 ans;A partire da 9 anni;2026-05-26T14:47:46.8210441+00:00
audience-age-3;audience-age;From 3 years;Ab 3 Jahre;À partir de 3 ans;A partire da 3 anni;2026-05-26T15:03:56.8562044+00:00
audience-age-7;audience-age;From 7 years;Ab 7 Jahre;À partir de 7 ans;A partire da 7 anni;2026-05-26T14:47:46.3796985+00:00
tourismregion-baselregion;tourismregion;Basel Region;Basel Region;Région bâloise;Regione di Basilea;2026-05-26T15:03:58.0660357+00:00
tourismregion-aarauregion;tourismregion;Aarau Region;Aarau Region;Région Argovie;Regione di Aarau;2026-05-26T14:47:46.9238715+00:00
tourismregion-bernregion;tourismregion;Bern Region;Bern Region;Région Berne;Regione di Berna;2026-05-26T14:47:48.024032+00:00
tourismregion-genf;tourismregion;Geneva;Genf;Genève;Ginevra;2026-05-26T15:03:58.4315014+00:00
tourismregion-genferseegebiet;tourismregion;Lake Geneva Region (Vaud);Genferseegebiet (Waadtland);Région lémanique (Vaud);Regione del Lago di Ginevra (Vaud);2026-05-26T15:04:00.1535034+00:00
tourismregion-jura;tourismregion;Jura & Three-Lakes;Jura & Drei-Seen-Land;Jura & Trois-Lacs;Giura e Tre Laghi;2026-05-26T15:04:01.5578148+00:00
tourismregion-fribourgregion;tourismregion;Fribourg Region;Fribourg Region;Région Fribourg;Regione di Friburgo;2026-05-26T15:04:02.4568296+00:00
tourismregion-ostschweiz;tourismregion;Eastern switzerland;Ostschweiz;Suisse orientale;Svizzera orientale;2026-05-26T15:04:05.3839619+00:00
tourismregion-luzern;tourismregion;Lucerne / Lake Lucerne;Luzern / Vierwaldstättersee;Lucerne / Lac des Quatre-Cantons;Lucerna / Lago dei Quattro Cantoni;2026-05-26T15:04:07.0098594+00:00
tourismregion-tessin;tourismregion;Ticino;Tessin;Tessin;Ticino;2026-05-26T15:04:07.5191628+00:00
tourismregion-wallis;tourismregion;Valais;Wallis;Valais;Vallese;2026-05-26T15:04:16.7427332+00:00
tourismregion-zuerichregion;tourismregion;Zurich Region;Zürich Region;Région zurichoise;Regione di Zurigo;2026-05-26T14:47:48.2906389+00:00
tourismzone-city;tourismzone;City;Grossstadt;Ville;Città;2026-05-26T14:47:49.4016169+00:00
tourismzone-countryside;tourismzone;Land;Land;Terre;Terra;2026-05-26T15:04:16.1362968+00:00
tourismzone-town;tourismzone;Small town;Kleine Stadt;Bourg;Cittadina;2026-05-26T14:47:51.6595614+00:00
tourismregion-graubunden;tourismregion;Graubünden;Graubünden;Grisons;Grigioni;2026-05-26T15:04:18.7670725+00:00
tourismzone-mountains;tourismzone;Mountain;Berg;Montagne;Montagna;2026-05-26T14:47:58.5197898+00:00
image-amenity-bathroom;image-amenity;Bathroom;Badezimmer;Salle de Bains;Stanza da bagno;2026-05-26T15:04:38.2266056+00:00
accomodation;accomodation;Spend the night;Übernachten;Passez la nuit;Trascorri la notte;2026-05-26T14:48:03.6435008+00:00
image-amenity-bed;image-amenity;Bed;Bett;Lit;Letto;2026-05-26T14:48:09.722295+00:00
hiking;hiking;Wander;Wandern;Errer;Vagabondare;2026-05-26T14:48:05.6574504+00:00
image-amenity-city-view;image-amenity;View of the city;Stadtblick;Ville;Città;2026-05-26T15:04:38.6019138+00:00
image-amenity-coffee-machine;image-amenity;Coffee machine;Kaffeemaschine;Percolateur;Caffettiera;2026-05-26T14:48:13.5915537+00:00
image-amenity-desk;image-amenity;Desk;Arbeitstisch;Établi;Pancone;2026-05-26T15:04:39.8307321+00:00
image-amenity-lake-view;image-amenity;Lake view;Seeblick;Lac;Lago;2026-05-26T15:04:38.7997009+00:00
image-amenity-garden-view;image-amenity;Garden view;Gartenblick;Jardin;Giardino;2026-05-26T15:04:39.2207665+00:00
image-amenity-courtyard-view;image-amenity;View of the courtyard;Blick auf den Innenhof;Vue sur la cour;Veduta del cortile;2026-05-26T14:48:14.4260653+00:00
image-amenity-lounge;image-amenity;Lounge;Lounge;Salon;Salotto;2026-05-26T15:04:39.7304685+00:00
image-amenity-river-view;image-amenity;River view;Flussblick;Fleuve;Fiume;2026-05-26T14:48:14.9748976+00:00
image-amenity-mini-fridge;image-amenity;Mini fridge;Minibar;Minibar;Minibar;2026-05-26T14:48:15.4720749+00:00
image-amenity-sitting-area;image-amenity;Sitting area;Sitzgelegenheiten;Sièges;Salotto;2026-05-26T15:04:39.3585857+00:00
image-amenity-mountain-view;image-amenity;Mountain view;Bergblick;Montagnes;Montagne;2026-05-26T15:04:39.2287222+00:00
image-amenity-street-view;image-amenity;View onto the street;Blick auf die Strasse;Vue sur la rue;Veduta della strada;2026-05-26T14:48:16.0754508+00:00
image-amenity-terrace-balcony;image-amenity;Balcony or terrace;Balkon oder Terrasse;Balcon ou terrasse;Balcone o terrazzo;2026-05-26T14:48:16.662547+00:00
image-amenity-tv;image-amenity;TV;Fernseh;Télévision;Televisione;2026-05-26T15:04:39.7491793+00:00
image-entertainment-childcare-service;image-entertainment;Childcare service;Kinderbetreuung;Garde d’enfants;Assistenza all'infanzia;2026-05-26T15:04:40.4053302+00:00
image-amenity-wardrobe-closet;image-amenity;Wardrobe or closet;Garderobe;Vestiaire;Guardaroba;2026-05-26T15:04:40.334649+00:00
image-entertainment-playground;image-entertainment;Playground;Spielplatz;Terrain de jeu;Parco giochi;2026-05-26T14:48:17.1371918+00:00
image-entertainment-programme;image-entertainment;Entertainment programme;Unterhaltungsprogramm;Programme d’éclairage;Programma luci;2026-05-26T15:04:40.4151088+00:00
image-event-co-working-space;image-event;Co-working space;Co-Working Zone;Co-Working Zone;Zona di co-working;2026-05-26T15:04:40.9265512+00:00
image-entertainment-playroom;image-entertainment;Playroom;Spielzimmer;Salle;Ludoteca;2026-05-26T15:04:40.802413+00:00
image-event-conference-room;image-event;Conference room;Konferenzraum;Salle de conférence;Sala conferenze;2026-05-26T15:04:41.7512297+00:00
image-event-meeting-room;image-event;Meeting room;Meetingraum;Salle de réunion;Sala riunioni;2026-05-26T15:04:41.1960566+00:00
image-food-breakfast-room;image-food;Breakfast room;Frühstücksraum;Salle de petit-déjeuner;Sala colazione;2026-05-26T15:04:42.4436686+00:00
image-food-bar;image-food;Bar;Bar;Bar;Bar;2026-05-26T15:04:42.5473533+00:00
image-food-breakfast;image-food;Breakfast;Frühstück;Petit déjeuner;Colazione;2026-05-26T15:04:43.2377855+00:00
image-food-dining-room;image-food;Dining room;Speisesaal;Réfectoire;Refettorio;2026-05-26T14:48:18.4515763+00:00
image-event-wedding-services;image-event;Wedding services;Hochzeitsveranstaltungen;Événements de mariage;Eventi di nozze;2026-05-26T14:48:18.9638832+00:00
image-food-restaurant;image-food;Restaurant;Restaurant;Restaurant;Ristorante;2026-05-26T14:48:44.8727797+00:00
image-indoor-library;image-indoor;Library;Bibliothek;Bibliothèque;Biblioteca;2026-05-26T15:04:43.179232+00:00
image-food-room-service;image-food;Room service;Zimmerservice;Service en chambre;Servizio in camera;2026-05-26T15:04:43.613491+00:00
image-food-snack-bar;image-food;Snack bar;Snack Bar;Snack-bar;Tavola calda;2026-05-26T14:48:45.5089339+00:00
image-indoor-entrance;image-indoor;Entrance area;Eingangsbereich;Entrée;Entrata;2026-05-26T14:48:45.9661658+00:00
image-indoor-lounge;image-indoor;Lounge;Lounge;Salon;Salotto;2026-05-26T15:04:44.0837879+00:00
image-indoor-lobby;image-indoor;Lobby;Lobby;Lobby;Atrio;2026-05-26T15:04:43.8227851+00:00
image-indoor-reception;image-indoor;Reception;Rezeption;Réception;Ricevimento;2026-05-26T14:48:46.9499672+00:00
image-outdoor-exterior;image-outdoor;Exterior;Aussenansicht;Dehors;Fuori;2026-05-26T14:48:48.9962819+00:00
image-outdoor-garden;image-outdoor;Garden;Garten;Jardin;Giardino;2026-05-26T14:48:48.2040825+00:00
image-sport-bike-storage;image-sport;Bike storage;Bikeraum;Local à vélos;Deposito bici;2026-05-26T15:04:44.0174581+00:00
image-outdoor-terrace-balcony;image-outdoor;Terrace/Balcony;Terrasse/Balkon;Terrasse/Balcon;Terrazza/Balcone;2026-05-26T14:48:50.5655298+00:00
image-sport-fitness-room;image-sport;Fitness Room;Fitness Raum;Salle de fitness;Sala fitness;2026-05-26T15:04:44.4911726+00:00
image-sport-e-bike-charging-stations;image-sport;Charging stations for E-Bike;Aufladestation für E-Bikes;Borne de recharge pour vélos électriques;Stazione di ricarica per e-bike;2026-05-26T14:48:51.6180042+00:00
image-sport-golf-course;image-sport;Golf course;Golfplatz;Terrain de golf;Golf;2026-05-26T15:04:44.6289417+00:00
image-sport-ski-equipment-storage;image-sport;Ski equipment storage;Skiraum;Ski;Sci;2026-05-26T15:04:44.9434969+00:00
image-sport-indoor-swimming-pool;image-sport;Indoor swimming pool;Indoor Swimming Pool;Piscine intérieure;Piscina coperta;2026-05-26T15:04:45.1088797+00:00
image-wellness-relaxation-room;image-wellness;Relaxation room;Ruheraum;Salle de relaxation;Sala relax;2026-05-26T15:04:45.2220851+00:00
image-wellness-steam-bath;image-wellness;Steam bath;Dampfbad;Bain de vapeur;Vapore;2026-05-26T14:48:51.1336509+00:00
image-wellness-sauna;image-wellness;Sauna;Sauna;Sauna;Sauna;2026-05-26T15:04:45.8935742+00:00
image-wellness-thermal-baths;image-wellness;Thermal baths;Thermalbad;Bain thermal;Terme;2026-05-26T14:48:52.1955885+00:00
image-wellness-whirlpool-jacuzzi;image-wellness;Whirlpool or Jacuzzi;Jacuzzi;Jacuzzi;Idromassaggio;2026-05-26T14:48:52.760714+00:00
image-wellness-treatments;image-wellness;Wellness treatments;Wellness Anwendungen;Soins de bien-être;Trattamenti Benessere;2026-05-26T14:48:57.0383488+00:00
image-sport-outdoor-swimming-pool;image-sport;Outdoor swimming pool;Outdoor Swimming Pool;Piscine extérieure;Piscina all'aperto;2026-05-26T14:48:53.2300185+00:00
image-saisonality-summer;image-saisonality;Summer;Sommer;Été;Estate;2026-05-26T15:04:45.6727923+00:00
areascope-local;areascope;Local;Lokal;Local;Locale;2026-05-26T14:48:56.0571392+00:00
areascope-national;areascope;National;National;National;Nazionale;2026-05-26T14:48:57.5357146+00:00
areascope-regional;areascope;Regional;Regional;Régional;Regionale;2026-05-26T14:48:57.4450527+00:00
image-saisonality-winter;image-saisonality;Winter;Winter;Hiver;Inverno;2026-05-26T14:49:07.2639558+00:00
located-at-city;located-at;City;Stadt;Ville;Città;2026-05-26T15:04:57.4149574+00:00
located-at-lake;located-at;Lake;See;Lac;Lago;2026-05-26T15:04:57.7956437+00:00
located-at-city-centre;located-at;City centre;Stadtzentrum;Centre-ville;Centro;2026-05-26T14:49:56.0635881+00:00
located-at-countryside;located-at;Countryside;Landleben;Campagne;Campagna;2026-05-26T15:05:14.0183714+00:00
located-at-river;located-at;River;Fluss;Fleuve;Fiume;2026-05-26T15:05:13.1565692+00:00
located-at-mountains;located-at;Mountains;Berge;Montagnes;Montagne;2026-05-26T14:49:38.1545302+00:00
located-at-airport;located-at;Airport;Flughafen;Aéroport;Aeroporto;2026-05-26T15:05:11.8850652+00:00
culinary-lactosefree;culinary;Lactose-free;Laktosefrei;Sans lactose;Senza lattosio;2026-05-26T14:49:38.3722268+00:00
culinary-coffeeandcake;culinary;Coffee and cake;Kaffee und Kuchen;Café et gâteau;Caffè e torta;2026-05-26T15:05:26.6763678+00:00
culinary-swiss;culinary;Swiss;Schweizerisch;Suisse;Svizzero;2026-05-26T14:49:40.2116572+00:00
price-range-low;price-range;Low;Niedrig;Faible;Basso;2026-05-26T14:50:01.2462047+00:00
price-range-mid;price-range;Mid;Mittel;Moyen;Medio;2026-05-26T15:05:15.4191822+00:00
price-range-high;price-range;High;Hoch;Haut;Alto;2026-05-26T15:05:23.3698228+00:00
trail-summittour;trail;Summit tour;Gipfeltour;Tour du sommet;Tour in vetta;2026-05-26T15:05:31.7125861+00:00
accesssitios-hs-accessiblebreakfastarea;accesssitios-hs;accessible breakfast area;barrierefreier Frühstücksbereich;Espace petit déjeuner accessible en fauteuil roulant;Area colazione priva di barriere architettoniche;2026-05-26T14:50:22.2441977+00:00
accessibility-wheelchair-partiallyaccessible;accessibility;partially wheelchair accessible;eingeschränkt rollstuhlgängig;partiellement accessible en fauteuil roulant;parzialmente accessibile in sedia a rotelle;2026-05-26T14:50:25.1403873+00:00
accesssitios-hs-accessiblehotelroom;accesssitios-hs;accessible rooms;barrierefreies Zimmer;Chambre accessible;Camera priva di barriere architettoniche;2026-05-26T14:50:22.502795+00:00
accesssitios-hs-accessiblebathroom;accesssitios-hs;accessible bathroom with roll-in shower;barrierefreies Badezimmer;Salle de bains adaptée aux fauteuils roulants;Bagno privo di barriere architettoniche;2026-05-26T15:05:55.7349009+00:00
accesssitios-hs-accessibleindoorpool;accesssitios-hs;accessible indoor pool;Hallenbad barrierefrei;Piscine intérieure adaptée aux fauteuils roulants;Piscina coperta priva di barriere architettoniche;2026-05-26T15:05:55.1943791+00:00
accesssitios-hs-accessibleoutdoorpool;accesssitios-hs;accessible outdoor pool;Aussenschwimmbad barrierefrei;Piscine extérieure adaptée aux fauteuils roulants;Piscina all'aperto priva di barriere architettoniche;2026-05-26T14:50:30.6934924+00:00
accesssitios-hs-accessiblepublictoilet;accesssitios-hs;Public toilet wheelchair accessible;rollstuhlgängige öffentliche Toilette;Toilettes publiques adaptées aux fauteuils roulants;Servizi igienici pubblici accessibili alle sedie a rotelle;2026-05-26T15:05:58.1467368+00:00
accesssitios-hs-accessiblepublicarea;accesssitios-hs;Public areas accessible;Öffentliche Bereiche barrierefrei;Espaces publics accessibles en fauteuil roulant;Aree comuni prive di barriere architettoniche;2026-05-26T14:50:31.3306362+00:00
accesssitios-hs-bathtub;accesssitios-hs;Bathtub available;Badewannne vorhanden;Baignoire disponible;Vasca da bagno disponibile;2026-05-26T15:05:55.9157463+00:00
accesssitios-hs-accessiblelift;accesssitios-hs;Wheelchair accessible lift;Lift barrierefrei;Ascenseur accessible;Ascensore privo di barriere architettoniche;2026-05-26T14:50:42.1181533+00:00
accesssitios-hs-bedheight4550;accesssitios-hs;Bed height 45-50 cm;Betthöhe 45–50 cm;Hauteur du lit 45-50 cm;Altezza del letto 45-50 cm;2026-05-26T15:06:09.2968338+00:00
accesssitios-hs-forgroups;accesssitios-hs;suitable for groups;für Gruppen geeignet;approprié pour des groupes;ideale per gruppi;2026-05-26T14:51:02.1697641+00:00
accesssitios-hs-bedheightelectrically;accesssitios-hs;Electrically height-adjustable bed;elektrisch höhenverstellbares Bett;Lit à hauteur réglable électriquement;Letto regolabile elettricamente in altezza;2026-05-26T15:06:01.7575641+00:00
accesssitios-hs-bedunderrunable;accesssitios-hs;Bed usable for hoists;Bett unterfahrbar;Hauteur du bord inférieur du lit d’au moins 13 cm;Letto con spazio libero sotto il letto per inserire il sollevatore;2026-05-26T14:50:42.7472624+00:00
accesssitios-hs-graprails;accesssitios-hs;Handles available;Haltegriffe vorhanden;Barres d’appui disponibles;Maniglie di sostegno disponibili;2026-05-26T14:50:51.0828382+00:00
accesssitios-hs-hearingimpaired;accesssitios-hs;Offers for guests with hearing impairments;Angebote für Gäste mit Hörbehinderung;Offres destinées aux personnes avec handicap auditif;Offerte per ospiti con ipoacusia (sorde o disabilità uditiva);2026-05-26T15:06:01.2419893+00:00
accesssitios-hs-parking;accesssitios-hs;Wheelchair accessible parking space;Rollstuhlparkplatz vorhanden;Place de parc adaptée aux fauteuils roulants;Parcheggio accessibile in sedia a rotelle;2026-05-26T15:06:04.0146067+00:00
accesssitios-hs-partiallyaccessiblehotelroom;accesssitios-hs;partially accessible room;bedingt barrierefreies Zimmer;Chambre partiellement accessible;Camera in parte priva di barriere architettoniche;2026-05-26T15:06:09.4149775+00:00
accesssitios-hs-hotelspitex;accesssitios-hs;Hotelspitex;Hotelspitex;Hotelspitex;Hotelspitex;2026-05-26T14:51:02.9769257+00:00
accesssitios-hs-partiallyaccessiblelift;accesssitios-hs;Lift partly accessible;Lift bedingt barrierefrei;Ascenseur partiellement accessible;Ascensore in parte privo di barriere architettoniche;2026-05-26T15:06:18.8087157+00:00
accesssitios-hs-partiallyaccessiblepublicarea;accesssitios-hs;Public areas partially accessible;Öffentliche Bereiche bedingt barrierefrei;Espaces publics partiellement accessibles en fauteuil roulant;Aree comuni in parte prive di barriere architettoniche;2026-05-26T15:06:20.1545829+00:00
accesssitios-hs-partiallyaccessiblepublictoilet;accesssitios-hs;Public toilet partially wheelchair accessible;bedingt rollstuhlgängige öffentliche Toilette;Toilettes publiques partiellement adaptées aux fauteuils roulants;Servizi igienici pubblici con accesso limitato alle sedie a rotelle;2026-05-26T15:06:17.5575664+00:00
accesssitios-hs-showerchair;accesssitios-hs;Shower chair;Duschstuhl;Chaise de douche;Sedia da doccia;2026-05-26T14:51:04.4104395+00:00
accesssitios-hs-poollift;accesssitios-hs;Pool lift available;Pool-Lift vorhanden;Élévateur de piscine disponible;Sollevatore per piscina presente;2026-05-26T15:06:25.8068182+00:00
accesssitios-hs-sideentrance;accesssitios-hs;Access only via side entrance;Zugang nur über Nebeneingang;Accès uniquement par l'entrée secondaire;Accesso solo da ingresso laterale;2026-05-26T15:06:26.213084+00:00
accesssitios-hs-washbowlunderrunable;accesssitios-hs;accessible washbasin in the hotel room;unterfahrbares Waschbecken im Hotelzimmer;Espace sous le lavabo adapté aux fauteuils roulants dans une chambre d'hôtel;Lavandino adatto a sedia a rotelle;2026-05-26T15:06:22.557241+00:00
accesssitios-hs-visuallyimpaired;accesssitios-hs;Offers for guests with visual impairments;Angebote für Gäste mit Sehbehinderung;Offres destinés aux personnes avec handicap visuel;Offerte per ospiti ipovedenti;2026-05-26T15:06:26.8744665+00:00
accesssitios-parking-accessible;accesssitios;Parking place wheelchair accessible;Parkplatz rollstuhlgängig;Place de parc accessible en fauteuil roulant;Parcheggio accessibile in sedia a rotelle;2026-05-26T14:51:05.0487925+00:00
accesssitios-inductivehearing;accesssitios;Magnetic loop;Induktionsschleife vorhanden;Boucle magnétique;Sistema a induzione magnetica;2026-05-26T14:51:05.7209991+00:00
accesssitios-hs-wheelchairshuttle;accesssitios-hs;Wheelchair accessible hotel shuttle;Rollstuhlshuttle / -taxi;Service de navette adapté aux fauteuils roulants;Servizio Shuttle/ Taxi accessibile in sedia a rotelle;2026-05-26T15:06:30.3854298+00:00
accesssitios-parking-partiallyaccessible;accesssitios;Parking place partially wheelchair accessible;Parkplatz eingeschränkt rollstuhlgängig;Place de parc partiellement accessible en fauteuil roulant;Parcheggio parzialmente accessibile in sedia a rotelle;2026-05-26T14:51:10.8997707+00:00
accesssitios-parking-inaccessible;accesssitios;Parking place not wheelchair accessible;Parkplatz nicht rollstuhlgängig;Pas de places de stationnement accessibles;Parcheggio non accessibile in sedia a rotelle;2026-05-26T14:51:06.3274166+00:00
accesssitios-service-disabilityhearing;accesssitios;Facilities for persons with hearing impairments;Anlagen / Einrichtungen für Menschen mit Hörbehinderung;Aménagements pour personnes handicapées de l'ouïe;Impianti/strutture per persone con handicap uditivi;2026-05-26T15:06:43.8449077+00:00
accesssitios-service-disabilitycognitive;accesssitios;Facilities for persons with cognitive impairments;Angebot für Menschen mit kognitiver Beeinträchtigung;Aménagements pour personnes avec déficience intellectuelle;Offerta per persone con disturbi cognitivi;2026-05-26T15:06:30.6324339+00:00
accesssitios-service-disabilityvisual;accesssitios;Facilities for persons with visual impairments;Anlagen / Einrichtungen für Menschen mit Sehbehinderung;Aménagements pour personnes handicapées de la vue;Impianti/strutture per persone con handicap visivi;2026-05-26T15:06:34.4119958+00:00
accesssitios-toilet-accessible;accesssitios;Toilets wheelchair accessible;WC rollstuhlgängig;Toilettes accessibles en fauteuil roulant;WC accessibile in sedia a rotelle;2026-05-26T15:06:31.0823268+00:00
accesssitios-signlanguage;accesssitios;Offer in sign language;Angebot in Gebärdensprache;Offres en langue des signes;Offerta nella lingua dei segni;2026-05-26T14:51:30.864481+00:00
accesssitios-toilet-inaccessible;accesssitios;Toilets not wheelchair accessible;WC nicht rollstuhlgängig;Toilettes non accessibles en fauteuil roulant;WC non accessibile in sedia a rotelle;2026-05-26T15:06:34.9421768+00:00
accesssitios-toilet-partiallyaccessible;accesssitios;Toilets partially wheelchair accessible;WC eingeschränkt rollstuhlgängig;Toilettes partiellement accessibles en fauteuil roulant;WC parzialmente accessibile in sedia a rotelle;2026-05-26T15:06:41.517449+00:00
accesssitios-wheelchair-accessible;accesssitios;Wheelchair accessible;rollstuhlgängig;accessible en fauteuil roulant;accessibile in sedia a rotelle;2026-05-26T15:06:44.2954545+00:00
accesssitios-wheelchair-inaccessbile;accesssitios;not wheelchair accessible;nicht rollstuhlgängig;non accessible en fauteuil roulant;non accessibile in sedia a rotelle;2026-05-26T14:51:31.9348077+00:00
accesssitios-wheelchair-partiallyaccessible;accesssitios;partially wheelchair accessible;eingeschränkt rollstuhlgängig;partiellement accessible en fauteuil roulant;parzialmente accessibile in sedia a rotelle;2026-05-26T14:51:38.7475385+00:00
accesssitios-walkingdisability-accessible;accesssitios;accessible for persons with walking impediments;zugänglich für Menschen mit einer Gehbehinderung;accessible pour personnes avec handicap de la marche;accessibile alle persone con difficoltà di deambulazione;2026-05-26T15:07:06.1643435+00:00
tso_gratis-tso-test;campaign;gratis TSO Test;gratis TSO Test;gratis TSO Test;gratis TSO Test;2025-02-17T07:32:09.9320159+00:00
tso_gratis-test;campaign;gratis Test;gratis Test;gratis Test;gratis Test;2025-02-17T07:32:11.3357765+00:00
price-range-event-package-300;price-range-event-package;Package without overnight: more than CHF 301;Pauschale ohne Übernachtung: über CHF 301;Forfait sans nuitée : plus de CHF 301;Pacchetto senza pernottamento: oltre CHF 301.–;2026-05-26T14:53:46.5926865+00:00
price-range-event-package-overnight-200;price-range-event-package-overnight;Package with overnight: 200-300 CHF;Pauschale mit Übernachtung: 200-300 CHF;Forfait avec nuitée : 200-300 CHF;Pacchetto con pernottamento: 200-300 CHF;2026-05-26T14:53:47.6268185+00:00
price-range-event-package-150;price-range-event-package;Package without overnight: 151 - 200 CHF;Pauschale ohne Übernachtung: 151 - 200 CHF;Forfait sans nuitée : 151 - 200 CHF;Pacchetto senza pernottamento: 151 - 200 CHF;2026-05-26T14:53:47.2655435+00:00
price-range-event-package-200;price-range-event-package;Package without overnight: 201 - 300 CHF;Pauschale ohne Übernachtung: 201 - 300 CHF;Forfait sans nuitée : 201 - 300 CHF;Pacchetto senza pernottamento: 201 - 300 CHF;2026-05-26T14:53:48.1710667+00:00
price-range-event-package-80;price-range-event-package;Package without overnight: 80 - 150 CHF;Pauschale ohne Übernachtung: 80 - 150 CHF;Forfait sans nuitée : 80 - 150 CHF;Pacchetto senza pernottamento: 80 - 150 CHF;2026-05-26T15:08:18.2345121+00:00
price-range-event-package-overnight-450;price-range-event-package-overnight;Package with overnight: more than CHF 451;Pauschale mit Übernachtung: über CHF 451;Forfait avec nuitée : plus de CHF 451;Pacchetto con pernottamento: oltre CHF 451.–;2026-05-26T14:53:48.52404+00:00
price-range-event-package-overnight-300;price-range-event-package-overnight;Package with overnight: 301 - 450 CHF;Pauschale mit Übernachtung: 301 - 450 CHF;Forfait avec nuitée : 301 - 450 CHF;Pacchetto con pernottamento: 301 - 450 CHF;2026-05-26T14:53:48.7173109+00:00
profile-culture-5;profile-culture;Culture high;Kultur hoch;Élevée culturelle;Cultura alta;2025-02-24T12:59:06.8542497+00:00
profile-culture-3;profile-culture;Culture medium;Kultur mittel;Milieu de culture;Terreno di coltura;2025-02-24T12:59:06.393519+00:00
profile-enjoyment-3;profile-enjoyment;Enjoyment medium;Genuss mittel;Stimulant;Stimolanti;2025-02-27T08:47:47.7175447+00:00
profile-culture-1;profile-culture;Culture low;Kultur niedrig;Culture faible;Cultura bassa;2025-02-24T12:59:05.3275153+00:00
profile-fun-3;profile-fun;Fun medium;Spass mittel;Média amusant;Mezzo divertente;2025-02-24T12:54:59.1307257+00:00
profile-relaxation-3;profile-relaxation;Relaxation medium;Entspannung mittel;Milieu de relaxation;Mezzo di rilassamento;2025-02-24T12:59:10.6033449+00:00
profile-sport-3;profile-sport;Sport medium;Sport mittel;Sport moyen;Mezzo sportivo;2025-02-24T12:59:44.0359824+00:00
tso_test-projekt-tso-ost;campaign;Test Projekt TSO OST;Test Projekt TSO OST;Test Projekt TSO OST;Test Projekt TSO OST;2025-02-24T09:57:14.0665627+00:00
tso_test2-tso;campaign;test2_tso;test2_tso;test2_tso;test2_tso;2025-07-02T02:53:18.7140771+00:00
seasonality-year-round;seasonality;Perennial;Ganzjährig;Pérenne;Perenne;2026-05-26T14:54:03.2734724+00:00
atmosphere-arena;atmosphere;arena;Arena;Arène;Arena;2026-05-26T15:08:37.1279198+00:00
atmosphere-leisure;atmosphere;leisure;Freizeit;Loisir;Tempo libero;2026-05-26T14:54:11.3819557+00:00
atmosphere-classic;atmosphere;classic;Klassisch;Classique;Classico;2026-05-26T15:08:37.6885502+00:00
atmosphere-historic;atmosphere;historic;Historisch;Historique;Storico;2026-05-26T14:54:12.0416489+00:00
atmosphere-industrial;atmosphere;industrial;Industrial;Industriel;Industriale;2026-05-26T14:54:11.733534+00:00
atmosphere-rustic;atmosphere;rustic;Urchig;Urchig;Urchig;2026-05-26T15:08:37.7455568+00:00
atmosphere-outdoor;atmosphere;outdoor;Outdoor;Extérieur;All’aperto;2026-05-26T14:54:11.9087883+00:00
audience-info-beginner;audience-info;Beginner;Beginner;Débutant;Principiante;2026-05-26T14:54:12.2556313+00:00
atmosphere-theater;atmosphere;theaterhall;Theatersaal;Auditorium;Auditorio;2026-05-26T14:54:13.2425101+00:00
audience-info-residents;audience-info;Native;Einheimisch;Indigène;Nativo;2026-05-26T14:54:12.4582904+00:00
atmosphere-modern;atmosphere;modern;Modern;Moderne;Moderno;2026-05-26T15:08:37.6655169+00:00
audience-info-instructor;audience-info;Ski instructor;Skilehrer;Moniteur de ski;Maestro di sci;2026-05-26T14:54:12.731406+00:00
tso_ost-test-views;campaign;OST Test Views;OST Test Views;OST Test Views;OST Test Views;2025-05-26T07:53:11.4916009+00:00
image-event-venue;image-event;Venue;Veranstaltungsort;Lieu;Sede;2026-05-26T15:08:39.8125453+00:00
image-bathroom;image;Bathroom;Badezimmer;Salle de Bains;Stanza da bagno;2026-05-26T14:54:13.425586+00:00
image-entrance;image;Entrance;Eingang;Entrée;Entrata;2026-05-26T15:08:39.3153812+00:00
image-outdoor-exterior-autumn;image-outdoor;Exterior autumn;Aussenansicht Herbst;Vue extérieure de l’automne;Vista esterna dell'autunno;2026-05-26T15:08:39.2111141+00:00
image-outdoor-exterior-spring;image-outdoor;Exterior spring;Aussenansich Frühling;À l’extérieur du printemps;Primavera esterna;2026-05-26T15:08:40.4614206+00:00
image-outdoor-exterior-summer;image-outdoor;Exterior summer;Aussenansicht Sommer;Vue extérieure été;Vista esterna estate;2026-05-26T14:54:13.7306379+00:00
image-outdoor-exterior-winter;image-outdoor;Exterior winter;Aussenansicht Winter;Vue extérieure hiver;Vista esterna inverno;2026-05-26T14:54:13.9425671+00:00
image-reception;image;Reception;Rezeption;Réception;Ricevimento;2026-05-26T15:08:41.4153299+00:00
life-après-ski;life;Après Ski;Après Ski;Après-ski;Après Ski;2026-05-26T14:54:14.3365796+00:00
school-level-secondary-second grade;school-level;2. Secondary education;2. Sekundarstufe;2. Enseignement secondaire;2. Istruzione secondaria;2026-05-26T15:08:40.6734171+00:00
school-level-secondary-first grade;school-level;1. Secondary education;1. Sekundarstufe;1. Enseignement secondaire;1. Istruzione secondaria;2026-05-26T15:08:41.2435549+00:00
culinary-african;culinary;Africa;Afrika;Afrique;Africa;2026-05-26T15:08:43.8709171+00:00
culinary-catering;culinary;Catering service;Catering-Service;Service traiteur;Servizio catering;2026-05-26T15:08:43.4838879+00:00
culinary-iberian;culinary;Iberian specialties;Iberische Spezialitäten;Spécialités ibériques;Specialità iberiche;2026-05-26T15:08:43.9522237+00:00
culinary-vietnam;culinary;Vietnam;Vietnam;Viêt Nam;Vietnam;2026-05-26T15:08:45.8095724+00:00
culinary-takeaway;culinary;Takeaway;Takeaway;Emporter;Da asporto;2026-05-26T14:54:19.0383161+00:00
culinary-turkish;culinary;Turkish specialties;Türkische Spezialitäten;Spécialités turques;Specialità turche;2026-05-26T15:08:45.8773549+00:00
culinary-northafrica;culinary;North African specialties;Nordafrikanische Spezialitäten;Spécialités nord-africaines;Specialità nordafricane;2026-05-26T15:08:52.7039277+00:00
culinary-delivery;culinary;Delivery service;Lieferdienst;Service de livraison;Servizio di consegna;2026-05-26T15:08:44.5088539+00:00
culinary-centralamerica;culinary;Central America;Mittelamerika;Amérique centrale;America centrale;2026-05-26T15:08:44.8082787+00:00
culinary-homestyle;culinary;Home-style;Gutbürgerlich;Style maison;Stile casalingo;2026-05-26T14:54:18.5005521+00:00
culinary-china;culinary;Chinese;Chinesisch;Chinois;Cinese;2026-05-26T14:54:18.5373022+00:00
culinary-fusion;culinary;Fusion Cuisine;Fusion Cuisine;Fusion Cuisine;Cucina Fusion;2026-05-26T15:08:45.2927051+00:00
culinary-persian;culinary;Persian;Persisch;Perse;Farsi;2026-05-26T15:08:44.810746+00:00
atmosphere-water;atmosphere;at waterside;Am Wasser;Près de l’eau;Vicino all'acqua;2026-05-26T15:08:45.3497747+00:00
atmosphere-rural;atmosphere;rural;Ländlich;Rural;Rurale;2026-05-26T15:08:48.8223466+00:00
tso_test-tag-1;campaign;Test Tag 1;Test Tag 1;Test Tag 1;Test Tag 1;2025-11-03T11:08:06.2722575+00:00
tso_test-tag-2;campaign;Test Tag 2;Test Tag 2;Test Tag 2;Test Tag 2;2025-11-03T11:08:05.6553625+00:00
tso_test-tag-3;campaign;Test Tag 3;Test Tag 3;Test Tag 3;Test Tag 3;2025-11-03T11:08:13.41452+00:00
gdl-feed-kire;gdl-feed;Kinderregion GDL feed;Kinderregion GDL feed;Flux GDL de la région des enfants;Feed GDL della Regione dei Bambini;2026-05-26T15:09:22.1220718+00:00
month-january;month;January;Januar;Janvier;Gennaio;2026-05-26T15:09:25.3790437+00:00
month-december;month;December;Dezember;Décembre;Dicembre;2026-05-26T15:09:26.150196+00:00
month-august;month;August;August;Août;Agosto;2026-05-26T14:54:46.7778062+00:00
month-february;month;February;Februar;Février;Febbraio;2026-05-26T14:54:47.0924279+00:00
month-june;month;June;Juni;Juin;Giugno;2026-05-26T14:54:47.3307643+00:00
month-july;month;July;Juli;Juillet;Luglio;2026-05-26T15:09:47.7265112+00:00
month-march;month;March;März;Mars;Marzo;2026-05-26T15:09:36.137633+00:00
month-april;month;April;April;Avril;Aprile;2026-05-26T14:54:47.5591264+00:00
month-may;month;May;Mai;Mai;Maggio;2026-05-26T14:54:54.1206071+00:00
month-november;month;November;November;Novembre;Novembre;2026-05-26T14:56:21.1526807+00:00
month-september;month;September;September;Septembre;Settembre;2026-05-26T14:56:37.8594878+00:00
month-october;month;October;Oktober;Octobre;Ottobre;2026-05-26T14:57:04.1263547+00:00
accesssitios-qualityinfo-selfdeclared;accesssitios-qualityinfo;Verified by the business;Vom Betrieb geprüft;Vérifié par l'entreprise;Verificato dall'azienda;2026-06-15T08:18:54.3446265+00:00
accesssitios-qualityinfo-none;accesssitios-qualityinfo;Not verified;Ungeprüft;Non vérifié;Non verificato;2026-06-15T08:18:55.1023777+00:00
accesssitios-qualityinfo-audited;accesssitios-qualityinfo;Verified by specialist organization;Von Fachorganisation geprüft;Vérifié par une organisation professionnelle;Verificato da un'organizzazione specializzata;2026-06-15T08:19:01.0240956+00:00
